Handle,Title,Body (HTML),Vendor,Standardized Product Type,Custom Product Type,Tags,Published,ID,Option1 Name,Option1 Value,Option2 Name,Option2 Value,Option3 Name,Option3 Value,Variant SKU,Variant Grams,Variant Inventory Tracker,Variant Inventory Qty,Variant Inventory Policy,Variant Fulfillment Service,Variant Price,Variant Compare At Price,Variant Requires Shipping,Variant Taxable,Variant Barcode,Image Src,Image Position,Image Alt Text,Gift Card,SEO Title,SEO Description,Google Shopping / Google Product Category,Google Shopping / Gender,Google Shopping / Age Group,Google Shopping / MPN,Google Shopping / AdWords Grouping,Google Shopping / AdWords Labels,Google Shopping / Condition,Google Shopping / Custom Product,Google Shopping / Custom Label 0,Google Shopping / Custom Label 1,Google Shopping / Custom Label 2,Google Shopping / Custom Label 3,Google Shopping / Custom Label 4,Variant Image,Variant Weight Unit,Variant Tax Code,Cost per item,Status,
"alexander-mcqueen","Alexander McQueen","The restrictions of 2020 meant that with a lack of resources, Alexander McQueen decided to create a collection made predominantly of upcycled overstock fabrics. This T-shirt, for example, is crafted from cotton and features patch logo taping which is cut from the selvedge for a clean finish. Wear it with everything from off-duty sweatpants to tailored trousers to showcase the label’s sustainable practices.",Eslam Hosny M.,,"Selvedge Logo Tape T-Shirt","Men, Clothing, T-shirts, Logo T-shirts",TRUE,https://www.harrods.com/en-ae/shopping/alexander-mcqueen-selvedge-logo-tape-t-shirt-18351668,Color,Neutral,Size,XS,,,,,,,deny,manual,1400,,TRUE,TRUE,,https://image.harrods.com/18/35/16/68/18351668_40168795_200.jpg,1,,FALSE,,,,,,,"Selvedge Logo Tape T-Shirt",,,FALSE,,,,,,https://image.harrods.com/18/35/16/68/18351668_40168795_200.jpg,g,,,active,
"alexander-mcqueen",,,,,,,,,,Neutral,,S,,,,,,,deny,manual,1400,,TRUE,TRUE,,https://image.harrods.com/18/35/16/68/18351668_40168795_300.jpg,2,,,,,,,,,,,,,,,,,,,g,,,,
"alexander-mcqueen",,,,,,,,,,Neutral,,M,,,,,,,deny,manual,1400,,TRUE,TRUE,,https://image.harrods.com/18/35/16/68/18351668_40168795_600.jpg,3,,,,,,,,,,,,,,,,,,,g,,,,
"alexander-mcqueen",,,,,,,,,,Neutral,,L,,,,,,,deny,manual,1400,,TRUE,TRUE,,https://image.harrods.com/18/35/16/68/18351668_40168795_800.jpg,4,,,,,,,,,,,,,,,,,,,g,,,,
"alexander-mcqueen",,,,,,,,,,Neutral,,XL,,,,,,,deny,manual,1400,,TRUE,TRUE,,https://image.harrods.com/18/35/16/68/18351668_40168795_1000.jpg,5,,,,,,,,,,,,,,,,,,,g,,,,
"alexander-mcqueen",,,,,,,,,,,,,,,,,,,deny,manual,,,TRUE,TRUE,,https://image.harrods.com/18/35/16/68/18351668_40168795_2048.jpg,6,,,,,,,,,,,,,,,,,,,g,,,,
"alexander-mcqueen","Alexander McQueen","Alexander McQueen’s Spring/Summer 2022 collection was inspired by the sky and, more broadly, the beauty of nature as a whole. While you may expect this theme to carry motifs of sunshine and butterflies, the label opts to approach it via its typical gothic lens, depicting ominous – but nonetheless magnificent – grey-tinted clouds across pieces like these swim shorts.",Eslam Hosny M.,,"Cloud Print Swim Shorts","Men, Clothing, Swimwear",TRUE,https://www.harrods.com/en-ae/shopping/alexander-mcqueen-cloud-print-swim-shorts-18307084,Color,BLUE,Size,M,,,,,,,deny,manual,1725,,TRUE,TRUE,,https://image.harrods.com/18/30/70/84/18307084_40167338_200.jpg,1,,FALSE,,,,,,,"Cloud Print Swim Shorts",,,FALSE,,,,,,https://image.harrods.com/18/30/70/84/18307084_40167338_200.jpg,g,,,active,
"alexander-mcqueen",,,,,,,,,,BLUE,,L,,,,,,,deny,manual,1725,,TRUE,TRUE,,https://image.harrods.com/18/30/70/84/18307084_40167338_300.jpg,2,,,,,,,,,,,,,,,,,,,g,,,,
"alexander-mcqueen",,,,,,,,,,,,,,,,,,,deny,manual,,,TRUE,TRUE,,https://image.harrods.com/18/30/70/84/18307084_40167338_600.jpg,3,,,,,,,,,,,,,,,,,,,g,,,,
"alexander-mcqueen",,,,,,,,,,,,,,,,,,,deny,manual,,,TRUE,TRUE,,https://image.harrods.com/18/30/70/84/18307084_40167338_800.jpg,4,,,,,,,,,,,,,,,,,,,g,,,,
"alexander-mcqueen",,,,,,,,,,,,,,,,,,,deny,manual,,,TRUE,TRUE,,https://image.harrods.com/18/30/70/84/18307084_40167338_1000.jpg,5,,,,,,,,,,,,,,,,,,,g,,,,
"alexander-mcqueen",,,,,,,,,,,,,,,,,,,deny,manual,,,TRUE,TRUE,,https://image.harrods.com/18/30/70/84/18307084_40167338_2048.jpg,6,,,,,,,,,,,,,,,,,,,g,,,,
"alexander-mcqueen",,,,,,,,,,,,,,,,,,,deny,manual,,,TRUE,TRUE,,https://image.harrods.com/18/30/70/84/18307084_40168728_200.jpg,7,,,,,,,,,,,,,,,,,,,g,,,,
"alexander-mcqueen",,,,,,,,,,,,,,,,,,,deny,manual,,,TRUE,TRUE,,https://image.harrods.com/18/30/70/84/18307084_40168728_300.jpg,8,,,,,,,,,,,,,,,,,,,g,,,,
"alexander-mcqueen",,,,,,,,,,,,,,,,,,,deny,manual,,,TRUE,TRUE,,https://image.harrods.com/18/30/70/84/18307084_40168728_600.jpg,9,,,,,,,,,,,,,,,,,,,g,,,,
"alexander-mcqueen",,,,,,,,,,,,,,,,,,,deny,manual,,,TRUE,TRUE,,https://image.harrods.com/18/30/70/84/18307084_40168728_800.jpg,10,,,,,,,,,,,,,,,,,,,g,,,,
"alexander-mcqueen",,,,,,,,,,,,,,,,,,,deny,manual,,,TRUE,TRUE,,https://image.harrods.com/18/30/70/84/18307084_40168728_1000.jpg,11,,,,,,,,,,,,,,,,,,,g,,,,
"alexander-mcqueen",,,,,,,,,,,,,,,,,,,deny,manual,,,TRUE,TRUE,,https://image.harrods.com/18/30/70/84/18307084_40168728_2048.jpg,12,,,,,,,,,,,,,,,,,,,g,,,,
"alexander-mcqueen",,,,,,,,,,,,,,,,,,,deny,manual,,,TRUE,TRUE,,https://image.harrods.com/18/30/70/84/18307084_40169458_200.jpg,13,,,,,,,,,,,,,,,,,,,g,,,,
"alexander-mcqueen",,,,,,,,,,,,,,,,,,,deny,manual,,,TRUE,TRUE,,https://image.harrods.com/18/30/70/84/18307084_40169458_300.jpg,14,,,,,,,,,,,,,,,,,,,g,,,,
"alexander-mcqueen",,,,,,,,,,,,,,,,,,,deny,manual,,,TRUE,TRUE,,https://image.harrods.com/18/30/70/84/18307084_40169458_600.jpg,15,,,,,,,,,,,,,,,,,,,g,,,,
"alexander-mcqueen",,,,,,,,,,,,,,,,,,,deny,manual,,,TRUE,TRUE,,https://image.harrods.com/18/30/70/84/18307084_40169458_800.jpg,16,,,,,,,,,,,,,,,,,,,g,,,,
"alexander-mcqueen",,,,,,,,,,,,,,,,,,,deny,manual,,,TRUE,TRUE,,https://image.harrods.com/18/30/70/84/18307084_40169458_1000.jpg,17,,,,,,,,,,,,,,,,,,,g,,,,
"alexander-mcqueen",,,,,,,,,,,,,,,,,,,deny,manual,,,TRUE,TRUE,,https://image.harrods.com/18/30/70/84/18307084_40169458_2048.jpg,18,,,,,,,,,,,,,,,,,,,g,,,,
"alexander-mcqueen",,,,,,,,,,,,,,,,,,,deny,manual,,,TRUE,TRUE,,https://image.harrods.com/18/30/70/84/18307084_40169460_200.jpg,19,,,,,,,,,,,,,,,,,,,g,,,,
"alexander-mcqueen",,,,,,,,,,,,,,,,,,,deny,manual,,,TRUE,TRUE,,https://image.harrods.com/18/30/70/84/18307084_40169460_300.jpg,20,,,,,,,,,,,,,,,,,,,g,,,,
"alexander-mcqueen",,,,,,,,,,,,,,,,,,,deny,manual,,,TRUE,TRUE,,https://image.harrods.com/18/30/70/84/18307084_40169460_600.jpg,21,,,,,,,,,,,,,,,,,,,g,,,,
"alexander-mcqueen",,,,,,,,,,,,,,,,,,,deny,manual,,,TRUE,TRUE,,https://image.harrods.com/18/30/70/84/18307084_40169460_800.jpg,22,,,,,,,,,,,,,,,,,,,g,,,,
"alexander-mcqueen",,,,,,,,,,,,,,,,,,,deny,manual,,,TRUE,TRUE,,https://image.harrods.com/18/30/70/84/18307084_40169460_1000.jpg,23,,,,,,,,,,,,,,,,,,,g,,,,
"alexander-mcqueen",,,,,,,,,,,,,,,,,,,deny,manual,,,TRUE,TRUE,,https://image.harrods.com/18/30/70/84/18307084_40169460_2048.jpg,24,,,,,,,,,,,,,,,,,,,g,,,,
"zegna","Zegna","By applying its knowledge of sophisticated tailoring to the world of athleisure, Ermenegildo Zegna creates must-have pieces for the modern man – this jacket included. The lightweight design is imagined with cuffed sleeves and a high neckline for added warmth – while the more casual fit gives this versatile piece multiple outfit options within your wardrobe.
",Eslam Hosny M.,,"Zip-Up Jacket ","Men, Clothing, Jackets, Field Jackets",TRUE,https://www.harrods.com/en-ae/shopping/zegna-zip-up-jacket-17655971,Color,Neutrals,Size,48,,,,,,,deny,manual,7452.4,,TRUE,TRUE,,https://image.harrods.com/17/65/59/71/17655971_36982804_200.jpg,1,,FALSE,,,,,,,"Zip-Up Jacket ",,,FALSE,,,,,,https://image.harrods.com/17/65/59/71/17655971_36982804_200.jpg,g,,,active,
"zegna",,,,,,,,,,Neutrals,,50,,,,,,,deny,manual,7452.4,,TRUE,TRUE,,https://image.harrods.com/17/65/59/71/17655971_36982804_300.jpg,2,,,,,,,,,,,,,,,,,,,g,,,,
"zegna",,,,,,,,,,Neutrals,,52,,,,,,,deny,manual,7452.4,,TRUE,TRUE,,https://image.harrods.com/17/65/59/71/17655971_36982804_600.jpg,3,,,,,,,,,,,,,,,,,,,g,,,,
"zegna",,,,,,,,,,Neutrals,,54,,,,,,,deny,manual,7452.4,,TRUE,TRUE,,https://image.harrods.com/17/65/59/71/17655971_36982804_800.jpg,4,,,,,,,,,,,,,,,,,,,g,,,,
"zegna",,,,,,,,,,Neutrals,,56,,,,,,,deny,manual,7452.4,,TRUE,TRUE,,https://image.harrods.com/17/65/59/71/17655971_36982804_1000.jpg,5,,,,,,,,,,,,,,,,,,,g,,,,
"zegna",,,,,,,,,,,,,,,,,,,deny,manual,,,TRUE,TRUE,,https://image.harrods.com/17/65/59/71/17655971_36982804_2048.jpg,6,,,,,,,,,,,,,,,,,,,g,,,,
"zegna",,,,,,,,,,,,,,,,,,,deny,manual,,,TRUE,TRUE,,https://image.harrods.com/17/65/59/71/17655971_36982808_200.jpg,7,,,,,,,,,,,,,,,,,,,g,,,,
"zegna",,,,,,,,,,,,,,,,,,,deny,manual,,,TRUE,TRUE,,https://image.harrods.com/17/65/59/71/17655971_36982808_300.jpg,8,,,,,,,,,,,,,,,,,,,g,,,,
"zegna",,,,,,,,,,,,,,,,,,,deny,manual,,,TRUE,TRUE,,https://image.harrods.com/17/65/59/71/17655971_36982808_600.jpg,9,,,,,,,,,,,,,,,,,,,g,,,,
"zegna",,,,,,,,,,,,,,,,,,,deny,manual,,,TRUE,TRUE,,https://image.harrods.com/17/65/59/71/17655971_36982808_800.jpg,10,,,,,,,,,,,,,,,,,,,g,,,,
"zegna",,,,,,,,,,,,,,,,,,,deny,manual,,,TRUE,TRUE,,https://image.harrods.com/17/65/59/71/17655971_36982808_1000.jpg,11,,,,,,,,,,,,,,,,,,,g,,,,
"zegna",,,,,,,,,,,,,,,,,,,deny,manual,,,TRUE,TRUE,,https://image.harrods.com/17/65/59/71/17655971_36982808_2048.jpg,12,,,,,,,,,,,,,,,,,,,g,,,,
"zegna",,,,,,,,,,,,,,,,,,,deny,manual,,,TRUE,TRUE,,https://image.harrods.com/17/65/59/71/17655971_36982810_200.jpg,13,,,,,,,,,,,,,,,,,,,g,,,,
"zegna",,,,,,,,,,,,,,,,,,,deny,manual,,,TRUE,TRUE,,https://image.harrods.com/17/65/59/71/17655971_36982810_300.jpg,14,,,,,,,,,,,,,,,,,,,g,,,,
"zegna",,,,,,,,,,,,,,,,,,,deny,manual,,,TRUE,TRUE,,https://image.harrods.com/17/65/59/71/17655971_36982810_600.jpg,15,,,,,,,,,,,,,,,,,,,g,,,,
"zegna",,,,,,,,,,,,,,,,,,,deny,manual,,,TRUE,TRUE,,https://image.harrods.com/17/65/59/71/17655971_36982810_800.jpg,16,,,,,,,,,,,,,,,,,,,g,,,,
"zegna",,,,,,,,,,,,,,,,,,,deny,manual,,,TRUE,TRUE,,https://image.harrods.com/17/65/59/71/17655971_36982810_1000.jpg,17,,,,,,,,,,,,,,,,,,,g,,,,
"zegna",,,,,,,,,,,,,,,,,,,deny,manual,,,TRUE,TRUE,,https://image.harrods.com/17/65/59/71/17655971_36982810_2048.jpg,18,,,,,,,,,,,,,,,,,,,g,,,,
"zegna",,,,,,,,,,,,,,,,,,,deny,manual,,,TRUE,TRUE,,https://image.harrods.com/17/65/59/71/17655971_36982809_200.jpg,19,,,,,,,,,,,,,,,,,,,g,,,,
"zegna",,,,,,,,,,,,,,,,,,,deny,manual,,,TRUE,TRUE,,https://image.harrods.com/17/65/59/71/17655971_36982809_300.jpg,20,,,,,,,,,,,,,,,,,,,g,,,,
"zegna",,,,,,,,,,,,,,,,,,,deny,manual,,,TRUE,TRUE,,https://image.harrods.com/17/65/59/71/17655971_36982809_600.jpg,21,,,,,,,,,,,,,,,,,,,g,,,,
"zegna",,,,,,,,,,,,,,,,,,,deny,manual,,,TRUE,TRUE,,https://image.harrods.com/17/65/59/71/17655971_36982809_800.jpg,22,,,,,,,,,,,,,,,,,,,g,,,,
"zegna",,,,,,,,,,,,,,,,,,,deny,manual,,,TRUE,TRUE,,https://image.harrods.com/17/65/59/71/17655971_36982809_1000.jpg,23,,,,,,,,,,,,,,,,,,,g,,,,
"zegna",,,,,,,,,,,,,,,,,,,deny,manual,,,TRUE,TRUE,,https://image.harrods.com/17/65/59/71/17655971_36982809_2048.jpg,24,,,,,,,,,,,,,,,,,,,g,,,,
"zegna",,,,,,,,,,,,,,,,,,,deny,manual,,,TRUE,TRUE,,https://image.harrods.com/17/65/59/71/17655971_36982814_200.jpg,25,,,,,,,,,,,,,,,,,,,g,,,,
"zegna",,,,,,,,,,,,,,,,,,,deny,manual,,,TRUE,TRUE,,https://image.harrods.com/17/65/59/71/17655971_36982814_300.jpg,26,,,,,,,,,,,,,,,,,,,g,,,,
"zegna",,,,,,,,,,,,,,,,,,,deny,manual,,,TRUE,TRUE,,https://image.harrods.com/17/65/59/71/17655971_36982814_600.jpg,27,,,,,,,,,,,,,,,,,,,g,,,,
"zegna",,,,,,,,,,,,,,,,,,,deny,manual,,,TRUE,TRUE,,https://image.harrods.com/17/65/59/71/17655971_36982814_800.jpg,28,,,,,,,,,,,,,,,,,,,g,,,,
"zegna",,,,,,,,,,,,,,,,,,,deny,manual,,,TRUE,TRUE,,https://image.harrods.com/17/65/59/71/17655971_36982814_1000.jpg,29,,,,,,,,,,,,,,,,,,,g,,,,
"zegna",,,,,,,,,,,,,,,,,,,deny,manual,,,TRUE,TRUE,,https://image.harrods.com/17/65/59/71/17655971_36982814_2048.jpg,30,,,,,,,,,,,,,,,,,,,g,,,,
"zegna","Zegna","Z Zegna eschews cotton when crafting this T-shirt, such is its preference for high-performance materials that can keep up with the modern gentleman’s active lifestyle. Its alternative? Techmerino wool jersey – an innovative material created by the brand and prized for its ultra-soft texture, breathable warmth and effortless heat regulation.How to wear Harrods: Style with a jacket, shorts, sneakers and a backpack.",Eslam Hosny M.,,"Techmerino T-Shirt","Men, Clothing, T-shirts, Plain T-Shirts",TRUE,https://www.harrods.com/en-ae/shopping/zegna-techmerino-t-shirt-17655924,Color,YELLOW,Size,L,,,,,,,deny,manual,1523.8,,TRUE,TRUE,,https://image.harrods.com/17/65/59/24/17655924_39693837_200.jpg,1,,FALSE,,,,,,,"Techmerino T-Shirt",,,FALSE,,,,,,https://image.harrods.com/17/65/59/24/17655924_39693837_200.jpg,g,,,active,
"zegna",,,,,,,,,,YELLOW,,XL,,,,,,,deny,manual,1523.8,,TRUE,TRUE,,https://image.harrods.com/17/65/59/24/17655924_39693837_300.jpg,2,,,,,,,,,,,,,,,,,,,g,,,,
"zegna",,,,,,,,,,YELLOW,,XXL,,,,,,,deny,manual,1523.8,,TRUE,TRUE,,https://image.harrods.com/17/65/59/24/17655924_39693837_600.jpg,3,,,,,,,,,,,,,,,,,,,g,,,,
"zegna",,,,,,,,,,YELLOW,,XXXL,,,,,,,deny,manual,1523.8,,TRUE,TRUE,,https://image.harrods.com/17/65/59/24/17655924_39693837_800.jpg,4,,,,,,,,,,,,,,,,,,,g,,,,
"zegna",,,,,,,,,,,,,,,,,,,deny,manual,,,TRUE,TRUE,,https://image.harrods.com/17/65/59/24/17655924_39693837_1000.jpg,5,,,,,,,,,,,,,,,,,,,g,,,,
"zegna",,,,,,,,,,,,,,,,,,,deny,manual,,,TRUE,TRUE,,https://image.harrods.com/17/65/59/24/17655924_39693837_2048.jpg,6,,,,,,,,,,,,,,,,,,,g,,,,
"zegna",,,,,,,,,,,,,,,,,,,deny,manual,,,TRUE,TRUE,,https://image.harrods.com/17/65/59/24/17655924_39693836_200.jpg,7,,,,,,,,,,,,,,,,,,,g,,,,
"zegna",,,,,,,,,,,,,,,,,,,deny,manual,,,TRUE,TRUE,,https://image.harrods.com/17/65/59/24/17655924_39693836_300.jpg,8,,,,,,,,,,,,,,,,,,,g,,,,
"zegna",,,,,,,,,,,,,,,,,,,deny,manual,,,TRUE,TRUE,,https://image.harrods.com/17/65/59/24/17655924_39693836_600.jpg,9,,,,,,,,,,,,,,,,,,,g,,,,
"zegna",,,,,,,,,,,,,,,,,,,deny,manual,,,TRUE,TRUE,,https://image.harrods.com/17/65/59/24/17655924_39693836_800.jpg,10,,,,,,,,,,,,,,,,,,,g,,,,
"zegna",,,,,,,,,,,,,,,,,,,deny,manual,,,TRUE,TRUE,,https://image.harrods.com/17/65/59/24/17655924_39693836_1000.jpg,11,,,,,,,,,,,,,,,,,,,g,,,,
"zegna",,,,,,,,,,,,,,,,,,,deny,manual,,,TRUE,TRUE,,https://image.harrods.com/17/65/59/24/17655924_39693836_2048.jpg,12,,,,,,,,,,,,,,,,,,,g,,,,
"zegna",,,,,,,,,,,,,,,,,,,deny,manual,,,TRUE,TRUE,,https://image.harrods.com/17/65/59/24/17655924_39693839_200.jpg,13,,,,,,,,,,,,,,,,,,,g,,,,
"zegna",,,,,,,,,,,,,,,,,,,deny,manual,,,TRUE,TRUE,,https://image.harrods.com/17/65/59/24/17655924_39693839_300.jpg,14,,,,,,,,,,,,,,,,,,,g,,,,
"zegna",,,,,,,,,,,,,,,,,,,deny,manual,,,TRUE,TRUE,,https://image.harrods.com/17/65/59/24/17655924_39693839_600.jpg,15,,,,,,,,,,,,,,,,,,,g,,,,
"zegna",,,,,,,,,,,,,,,,,,,deny,manual,,,TRUE,TRUE,,https://image.harrods.com/17/65/59/24/17655924_39693839_800.jpg,16,,,,,,,,,,,,,,,,,,,g,,,,
"zegna",,,,,,,,,,,,,,,,,,,deny,manual,,,TRUE,TRUE,,https://image.harrods.com/17/65/59/24/17655924_39693839_1000.jpg,17,,,,,,,,,,,,,,,,,,,g,,,,
"zegna",,,,,,,,,,,,,,,,,,,deny,manual,,,TRUE,TRUE,,https://image.harrods.com/17/65/59/24/17655924_39693839_2048.jpg,18,,,,,,,,,,,,,,,,,,,g,,,,
"zegna",,,,,,,,,,,,,,,,,,,deny,manual,,,TRUE,TRUE,,https://image.harrods.com/17/65/59/24/17655924_39693840_200.jpg,19,,,,,,,,,,,,,,,,,,,g,,,,
"zegna",,,,,,,,,,,,,,,,,,,deny,manual,,,TRUE,TRUE,,https://image.harrods.com/17/65/59/24/17655924_39693840_300.jpg,20,,,,,,,,,,,,,,,,,,,g,,,,
"zegna",,,,,,,,,,,,,,,,,,,deny,manual,,,TRUE,TRUE,,https://image.harrods.com/17/65/59/24/17655924_39693840_600.jpg,21,,,,,,,,,,,,,,,,,,,g,,,,
"zegna",,,,,,,,,,,,,,,,,,,deny,manual,,,TRUE,TRUE,,https://image.harrods.com/17/65/59/24/17655924_39693840_800.jpg,22,,,,,,,,,,,,,,,,,,,g,,,,
"zegna",,,,,,,,,,,,,,,,,,,deny,manual,,,TRUE,TRUE,,https://image.harrods.com/17/65/59/24/17655924_39693840_1000.jpg,23,,,,,,,,,,,,,,,,,,,g,,,,
"zegna",,,,,,,,,,,,,,,,,,,deny,manual,,,TRUE,TRUE,,https://image.harrods.com/17/65/59/24/17655924_39693840_2048.jpg,24,,,,,,,,,,,,,,,,,,,g,,,,
"zegna",,,,,,,,,,,,,,,,,,,deny,manual,,,TRUE,TRUE,,https://image.harrods.com/17/65/59/24/17655924_39689744_200.jpg,25,,,,,,,,,,,,,,,,,,,g,,,,
"zegna",,,,,,,,,,,,,,,,,,,deny,manual,,,TRUE,TRUE,,https://image.harrods.com/17/65/59/24/17655924_39689744_300.jpg,26,,,,,,,,,,,,,,,,,,,g,,,,
"zegna",,,,,,,,,,,,,,,,,,,deny,manual,,,TRUE,TRUE,,https://image.harrods.com/17/65/59/24/17655924_39689744_600.jpg,27,,,,,,,,,,,,,,,,,,,g,,,,
"zegna",,,,,,,,,,,,,,,,,,,deny,manual,,,TRUE,TRUE,,https://image.harrods.com/17/65/59/24/17655924_39689744_800.jpg,28,,,,,,,,,,,,,,,,,,,g,,,,
"zegna",,,,,,,,,,,,,,,,,,,deny,manual,,,TRUE,TRUE,,https://image.harrods.com/17/65/59/24/17655924_39689744_1000.jpg,29,,,,,,,,,,,,,,,,,,,g,,,,
"zegna",,,,,,,,,,,,,,,,,,,deny,manual,,,TRUE,TRUE,,https://image.harrods.com/17/65/59/24/17655924_39689744_2048.jpg,30,,,,,,,,,,,,,,,,,,,g,,,,
"zegna","Zegna","Ermenegildo Zegna creates versatile basics from high-quality materials, so you’ll get plenty of wear from each one. These trousers are constructed from a cotton-stretch fabric with just the right amount of give. They’re shaped to a flattering slim-leg profile and have pressed creases through the front for extra shape and a tailored finish.
",Eslam Hosny M.,,"Cotton Tailored Trousers","Men, Clothing, Trousers, Tailored Trousers",TRUE,https://www.harrods.com/en-ae/shopping/zegna-cotton-tailored-trousers-16877846,Color,BROWN,Size,44,,,,,,,deny,manual,2214.3,,TRUE,TRUE,,https://image.harrods.com/16/87/78/46/16877846_36488883_200.jpg,1,,FALSE,,,,,,,"Cotton Tailored Trousers",,,FALSE,,,,,,https://image.harrods.com/16/87/78/46/16877846_36488883_200.jpg,g,,,active,
"zegna",,,,,,,,,,BROWN,,46,,,,,,,deny,manual,2214.3,,TRUE,TRUE,,https://image.harrods.com/16/87/78/46/16877846_36488883_300.jpg,2,,,,,,,,,,,,,,,,,,,g,,,,
"zegna",,,,,,,,,,BROWN,,48,,,,,,,deny,manual,2214.3,,TRUE,TRUE,,https://image.harrods.com/16/87/78/46/16877846_36488883_600.jpg,3,,,,,,,,,,,,,,,,,,,g,,,,
"zegna",,,,,,,,,,BROWN,,50,,,,,,,deny,manual,2214.3,,TRUE,TRUE,,https://image.harrods.com/16/87/78/46/16877846_36488883_800.jpg,4,,,,,,,,,,,,,,,,,,,g,,,,
"zegna",,,,,,,,,,BROWN,,52,,,,,,,deny,manual,2214.3,,TRUE,TRUE,,https://image.harrods.com/16/87/78/46/16877846_36488883_1000.jpg,5,,,,,,,,,,,,,,,,,,,g,,,,
"zegna",,,,,,,,,,BROWN,,54,,,,,,,deny,manual,2214.3,,TRUE,TRUE,,https://image.harrods.com/16/87/78/46/16877846_36488883_2048.jpg,6,,,,,,,,,,,,,,,,,,,g,,,,
"zegna",,,,,,,,,,BROWN,,58,,,,,,,deny,manual,2214.3,,TRUE,TRUE,,https://image.harrods.com/16/87/78/46/16877846_36488887_200.jpg,7,,,,,,,,,,,,,,,,,,,g,,,,
"zegna",,,,,,,,,,,,,,,,,,,deny,manual,,,TRUE,TRUE,,https://image.harrods.com/16/87/78/46/16877846_36488887_300.jpg,8,,,,,,,,,,,,,,,,,,,g,,,,
"zegna",,,,,,,,,,,,,,,,,,,deny,manual,,,TRUE,TRUE,,https://image.harrods.com/16/87/78/46/16877846_36488887_600.jpg,9,,,,,,,,,,,,,,,,,,,g,,,,
"zegna",,,,,,,,,,,,,,,,,,,deny,manual,,,TRUE,TRUE,,https://image.harrods.com/16/87/78/46/16877846_36488887_800.jpg,10,,,,,,,,,,,,,,,,,,,g,,,,
"zegna",,,,,,,,,,,,,,,,,,,deny,manual,,,TRUE,TRUE,,https://image.harrods.com/16/87/78/46/16877846_36488887_1000.jpg,11,,,,,,,,,,,,,,,,,,,g,,,,
"zegna",,,,,,,,,,,,,,,,,,,deny,manual,,,TRUE,TRUE,,https://image.harrods.com/16/87/78/46/16877846_36488887_2048.jpg,12,,,,,,,,,,,,,,,,,,,g,,,,
"zegna",,,,,,,,,,,,,,,,,,,deny,manual,,,TRUE,TRUE,,https://image.harrods.com/16/87/78/46/16877846_36489530_200.jpg,13,,,,,,,,,,,,,,,,,,,g,,,,
"zegna",,,,,,,,,,,,,,,,,,,deny,manual,,,TRUE,TRUE,,https://image.harrods.com/16/87/78/46/16877846_36489530_300.jpg,14,,,,,,,,,,,,,,,,,,,g,,,,
"zegna",,,,,,,,,,,,,,,,,,,deny,manual,,,TRUE,TRUE,,https://image.harrods.com/16/87/78/46/16877846_36489530_600.jpg,15,,,,,,,,,,,,,,,,,,,g,,,,
"zegna",,,,,,,,,,,,,,,,,,,deny,manual,,,TRUE,TRUE,,https://image.harrods.com/16/87/78/46/16877846_36489530_800.jpg,16,,,,,,,,,,,,,,,,,,,g,,,,
"zegna",,,,,,,,,,,,,,,,,,,deny,manual,,,TRUE,TRUE,,https://image.harrods.com/16/87/78/46/16877846_36489530_1000.jpg,17,,,,,,,,,,,,,,,,,,,g,,,,
"zegna",,,,,,,,,,,,,,,,,,,deny,manual,,,TRUE,TRUE,,https://image.harrods.com/16/87/78/46/16877846_36489530_2048.jpg,18,,,,,,,,,,,,,,,,,,,g,,,,
"zegna",,,,,,,,,,,,,,,,,,,deny,manual,,,TRUE,TRUE,,https://image.harrods.com/16/87/78/46/16877846_36489531_200.jpg,19,,,,,,,,,,,,,,,,,,,g,,,,
"zegna",,,,,,,,,,,,,,,,,,,deny,manual,,,TRUE,TRUE,,https://image.harrods.com/16/87/78/46/16877846_36489531_300.jpg,20,,,,,,,,,,,,,,,,,,,g,,,,
"zegna",,,,,,,,,,,,,,,,,,,deny,manual,,,TRUE,TRUE,,https://image.harrods.com/16/87/78/46/16877846_36489531_600.jpg,21,,,,,,,,,,,,,,,,,,,g,,,,
"zegna",,,,,,,,,,,,,,,,,,,deny,manual,,,TRUE,TRUE,,https://image.harrods.com/16/87/78/46/16877846_36489531_800.jpg,22,,,,,,,,,,,,,,,,,,,g,,,,
"zegna",,,,,,,,,,,,,,,,,,,deny,manual,,,TRUE,TRUE,,https://image.harrods.com/16/87/78/46/16877846_36489531_1000.jpg,23,,,,,,,,,,,,,,,,,,,g,,,,
"zegna",,,,,,,,,,,,,,,,,,,deny,manual,,,TRUE,TRUE,,https://image.harrods.com/16/87/78/46/16877846_36489531_2048.jpg,24,,,,,,,,,,,,,,,,,,,g,,,,
"burberry","Burberry","A dependable logo sweater is a must-have addition to any gentleman’s essential edit, and this offering from Burberry ticks all the right boxes. Crafted from a sublimely soft Italian-woven wool blend, it's intarsia-knitted with the label’s instantly recognisable logo styled in bold, contrast lettering.
 How to wear Harrods: Style with shorts, sneakers and a belt bag.
",Eslam Hosny M.,,"Wool-Blend Logo Sweater","Men, Clothing, Knitwear, Jumpers",TRUE,https://www.harrods.com/en-ae/shopping/burberry-wool-blend-logo-sweater-18025573,Color,BROWN,Size,S,,,,,,,deny,manual,4481.18,,TRUE,TRUE,,https://image.harrods.com/18/02/55/73/18025573_39259867_200.jpg,1,,FALSE,,,,,,,"Wool-Blend Logo Sweater",,,FALSE,,,,,,https://image.harrods.com/18/02/55/73/18025573_39259867_200.jpg,g,,,active,
"burberry",,,,,,,,,,BROWN,,M,,,,,,,deny,manual,4481.18,,TRUE,TRUE,,https://image.harrods.com/18/02/55/73/18025573_39259867_300.jpg,2,,,,,,,,,,,,,,,,,,,g,,,,
"burberry",,,,,,,,,,BROWN,,L,,,,,,,deny,manual,4481.18,,TRUE,TRUE,,https://image.harrods.com/18/02/55/73/18025573_39259867_600.jpg,3,,,,,,,,,,,,,,,,,,,g,,,,
"burberry",,,,,,,,,,BROWN,,XL,,,,,,,deny,manual,4481.18,,TRUE,TRUE,,https://image.harrods.com/18/02/55/73/18025573_39259867_800.jpg,4,,,,,,,,,,,,,,,,,,,g,,,,
"burberry",,,,,,,,,,BROWN,,XXL,,,,,,,deny,manual,4481.18,,TRUE,TRUE,,https://image.harrods.com/18/02/55/73/18025573_39259867_1000.jpg,5,,,,,,,,,,,,,,,,,,,g,,,,
"burberry",,,,,,,,,,BROWN,,XXXL,,,,,,,deny,manual,4481.18,,TRUE,TRUE,,https://image.harrods.com/18/02/55/73/18025573_39259867_2048.jpg,6,,,,,,,,,,,,,,,,,,,g,,,,
"burberry",,,,,,,,,,,,,,,,,,,deny,manual,,,TRUE,TRUE,,https://image.harrods.com/18/02/55/73/18025573_39260599_200.jpg,7,,,,,,,,,,,,,,,,,,,g,,,,
"burberry",,,,,,,,,,,,,,,,,,,deny,manual,,,TRUE,TRUE,,https://image.harrods.com/18/02/55/73/18025573_39260599_300.jpg,8,,,,,,,,,,,,,,,,,,,g,,,,
"burberry",,,,,,,,,,,,,,,,,,,deny,manual,,,TRUE,TRUE,,https://image.harrods.com/18/02/55/73/18025573_39260599_600.jpg,9,,,,,,,,,,,,,,,,,,,g,,,,
"burberry",,,,,,,,,,,,,,,,,,,deny,manual,,,TRUE,TRUE,,https://image.harrods.com/18/02/55/73/18025573_39260599_800.jpg,10,,,,,,,,,,,,,,,,,,,g,,,,
"burberry",,,,,,,,,,,,,,,,,,,deny,manual,,,TRUE,TRUE,,https://image.harrods.com/18/02/55/73/18025573_39260599_1000.jpg,11,,,,,,,,,,,,,,,,,,,g,,,,
"burberry",,,,,,,,,,,,,,,,,,,deny,manual,,,TRUE,TRUE,,https://image.harrods.com/18/02/55/73/18025573_39260599_2048.jpg,12,,,,,,,,,,,,,,,,,,,g,,,,
"burberry",,,,,,,,,,,,,,,,,,,deny,manual,,,TRUE,TRUE,,https://image.harrods.com/18/02/55/73/18025573_39258837_200.jpg,13,,,,,,,,,,,,,,,,,,,g,,,,
"burberry",,,,,,,,,,,,,,,,,,,deny,manual,,,TRUE,TRUE,,https://image.harrods.com/18/02/55/73/18025573_39258837_300.jpg,14,,,,,,,,,,,,,,,,,,,g,,,,
"burberry",,,,,,,,,,,,,,,,,,,deny,manual,,,TRUE,TRUE,,https://image.harrods.com/18/02/55/73/18025573_39258837_600.jpg,15,,,,,,,,,,,,,,,,,,,g,,,,
"burberry",,,,,,,,,,,,,,,,,,,deny,manual,,,TRUE,TRUE,,https://image.harrods.com/18/02/55/73/18025573_39258837_800.jpg,16,,,,,,,,,,,,,,,,,,,g,,,,
"burberry",,,,,,,,,,,,,,,,,,,deny,manual,,,TRUE,TRUE,,https://image.harrods.com/18/02/55/73/18025573_39258837_1000.jpg,17,,,,,,,,,,,,,,,,,,,g,,,,
"burberry",,,,,,,,,,,,,,,,,,,deny,manual,,,TRUE,TRUE,,https://image.harrods.com/18/02/55/73/18025573_39258837_2048.jpg,18,,,,,,,,,,,,,,,,,,,g,,,,
"burberry",,,,,,,,,,,,,,,,,,,deny,manual,,,TRUE,TRUE,,https://image.harrods.com/18/02/55/73/18025573_39258839_200.jpg,19,,,,,,,,,,,,,,,,,,,g,,,,
"burberry",,,,,,,,,,,,,,,,,,,deny,manual,,,TRUE,TRUE,,https://image.harrods.com/18/02/55/73/18025573_39258839_300.jpg,20,,,,,,,,,,,,,,,,,,,g,,,,
"burberry",,,,,,,,,,,,,,,,,,,deny,manual,,,TRUE,TRUE,,https://image.harrods.com/18/02/55/73/18025573_39258839_600.jpg,21,,,,,,,,,,,,,,,,,,,g,,,,
"burberry",,,,,,,,,,,,,,,,,,,deny,manual,,,TRUE,TRUE,,https://image.harrods.com/18/02/55/73/18025573_39258839_800.jpg,22,,,,,,,,,,,,,,,,,,,g,,,,
"burberry",,,,,,,,,,,,,,,,,,,deny,manual,,,TRUE,TRUE,,https://image.harrods.com/18/02/55/73/18025573_39258839_1000.jpg,23,,,,,,,,,,,,,,,,,,,g,,,,
"burberry",,,,,,,,,,,,,,,,,,,deny,manual,,,TRUE,TRUE,,https://image.harrods.com/18/02/55/73/18025573_39258839_2048.jpg,24,,,,,,,,,,,,,,,,,,,g,,,,
"burberry",,,,,,,,,,,,,,,,,,,deny,manual,,,TRUE,TRUE,,https://image.harrods.com/18/02/55/73/18025573_39260607_200.jpg,25,,,,,,,,,,,,,,,,,,,g,,,,
"burberry",,,,,,,,,,,,,,,,,,,deny,manual,,,TRUE,TRUE,,https://image.harrods.com/18/02/55/73/18025573_39260607_300.jpg,26,,,,,,,,,,,,,,,,,,,g,,,,
"burberry",,,,,,,,,,,,,,,,,,,deny,manual,,,TRUE,TRUE,,https://image.harrods.com/18/02/55/73/18025573_39260607_600.jpg,27,,,,,,,,,,,,,,,,,,,g,,,,
"burberry",,,,,,,,,,,,,,,,,,,deny,manual,,,TRUE,TRUE,,https://image.harrods.com/18/02/55/73/18025573_39260607_800.jpg,28,,,,,,,,,,,,,,,,,,,g,,,,
"burberry",,,,,,,,,,,,,,,,,,,deny,manual,,,TRUE,TRUE,,https://image.harrods.com/18/02/55/73/18025573_39260607_1000.jpg,29,,,,,,,,,,,,,,,,,,,g,,,,
"burberry",,,,,,,,,,,,,,,,,,,deny,manual,,,TRUE,TRUE,,https://image.harrods.com/18/02/55/73/18025573_39260607_2048.jpg,30,,,,,,,,,,,,,,,,,,,g,,,,
"burberry",,,,,,,,,,,,,,,,,,,deny,manual,,,TRUE,TRUE,,https://image.harrods.com/18/02/55/73/18025573_39259876_200.jpg,31,,,,,,,,,,,,,,,,,,,g,,,,
"burberry",,,,,,,,,,,,,,,,,,,deny,manual,,,TRUE,TRUE,,https://image.harrods.com/18/02/55/73/18025573_39259876_300.jpg,32,,,,,,,,,,,,,,,,,,,g,,,,
"burberry",,,,,,,,,,,,,,,,,,,deny,manual,,,TRUE,TRUE,,https://image.harrods.com/18/02/55/73/18025573_39259876_600.jpg,33,,,,,,,,,,,,,,,,,,,g,,,,
"burberry",,,,,,,,,,,,,,,,,,,deny,manual,,,TRUE,TRUE,,https://image.harrods.com/18/02/55/73/18025573_39259876_800.jpg,34,,,,,,,,,,,,,,,,,,,g,,,,
"burberry",,,,,,,,,,,,,,,,,,,deny,manual,,,TRUE,TRUE,,https://image.harrods.com/18/02/55/73/18025573_39259876_1000.jpg,35,,,,,,,,,,,,,,,,,,,g,,,,
"burberry",,,,,,,,,,,,,,,,,,,deny,manual,,,TRUE,TRUE,,https://image.harrods.com/18/02/55/73/18025573_39259876_2048.jpg,36,,,,,,,,,,,,,,,,,,,g,,,,
"burberry",,,,,,,,,,,,,,,,,,,deny,manual,,,TRUE,TRUE,,https://image.harrods.com/18/02/55/73/18025573_39259879_200.jpg,37,,,,,,,,,,,,,,,,,,,g,,,,
"burberry",,,,,,,,,,,,,,,,,,,deny,manual,,,TRUE,TRUE,,https://image.harrods.com/18/02/55/73/18025573_39259879_300.jpg,38,,,,,,,,,,,,,,,,,,,g,,,,
"burberry",,,,,,,,,,,,,,,,,,,deny,manual,,,TRUE,TRUE,,https://image.harrods.com/18/02/55/73/18025573_39259879_600.jpg,39,,,,,,,,,,,,,,,,,,,g,,,,
"burberry",,,,,,,,,,,,,,,,,,,deny,manual,,,TRUE,TRUE,,https://image.harrods.com/18/02/55/73/18025573_39259879_800.jpg,40,,,,,,,,,,,,,,,,,,,g,,,,
"burberry",,,,,,,,,,,,,,,,,,,deny,manual,,,TRUE,TRUE,,https://image.harrods.com/18/02/55/73/18025573_39259879_1000.jpg,41,,,,,,,,,,,,,,,,,,,g,,,,
"burberry",,,,,,,,,,,,,,,,,,,deny,manual,,,TRUE,TRUE,,https://image.harrods.com/18/02/55/73/18025573_39259879_2048.jpg,42,,,,,,,,,,,,,,,,,,,g,,,,
